OBJECTID,NAME,ADDRESS,CITY,STATE,TYPE,STATUS,POPULATION,COUNTY,LATITUDE,LONGITUDE,WEBSITE,OWNER,OPERNAME,CAPACITY,US_RANK,CRUDE,IMAGE
1,SOMERSET,300 REFINERY ROAD,SOMERSET,KY,VERY SMALL REFINERY,IN SERVICE,34,PULASKI,37.07113,-84.60951,http://www.continentalrefiningco.com,CONTINENTAL REFINING CO LLC,CONTINENTAL REFINING COMPANY LLC,5500,134,5500,https://drive.google.com/uc?id=1ry_aDJNOTRsWp0aYv4q7Aq8UcYON2iFm
2,WOODS CROSS,2355 SOUTH 1100 WEST,WOODS CROSS,UT,VERY SMALL SIMPLE REFINERY,IN SERVICE,45,DAVIS,40.86776,-111.91,http://silvereagleenergy.com,SILVER EAGLE REFINING INC,SILVER EAGLE REFINING,15000,122,15000,https://drive.google.com/uc?id=1r6yLIb9_pLLFhtV1_Z3d4BHaN8YqTmSD
3,COMMERCE CITY EAST,5801 BRIGHTON BLVD,COMMERCE CITY,CO,SMALL SIMPLE REFINERY,IN SERVICE,420,ADAMS,39.80175,-104.94518,http://www.suncor.com,SUNCOR ENERGY INC,SUNCOR ENERGY (USA) INC,36000,107,36000,https://drive.google.com/uc?id=1WytDZWQOPkbOXcbM0CQvnfmLs8Ul15fR
4,SAN ANTONIO,7811 S PRESA STREET,SAN ANTONIO,TX,SMALL LUBRICANTS REFINERY,IN SERVICE,50,BEXAR,29.34757,-98.46019,http://www.calumetspecialty.com,"CALUMET SPECIALTY PRODUCTS PARTNERS, L.P.",CALUMET LUBRICANTS CO,20000,117,20000,https://drive.google.com/uc?id=1CjOUqZR2XolRmj6Z4X4W26jjwKll6pBW
5,PAULSBORO,800 BILLINGSPORT ROAD,PAULSBORO,NJ,LARGE HIGHLY COMPLEX REFINERY,IN SERVICE,427,GLOUCESTER,39.84038,-75.25681,http://www.pbfenergy.com,PBF ENERGY CO LLC,PAULSBORO REFINING CO LLC,160000,44,160000,https://drive.google.com/uc?id=18to-xjaj-Vp3NMEZYfxRYQKd_9tgnDfz
6,TEXAS CITY,1301 LOOP 197 SOUTH,TEXAS CITY,TX,LARGE COMPLEX REFINERY,IN SERVICE,509,GALVESTON,29.36763,-94.90828,http://www.valero.com,VALERO ENERGY CORP,VALERO REFINING CO TEXAS LP,225000,32,225000,https://drive.google.com/uc?id=1xA6wCQjpRpZ0FRWB7eo6Jpw-Mnoa04sv
7,TEXAS CITY,502 10TH STREET SOUTH,TEXAS CITY,TX,SMALL MEDIUM COMPLEXITY REFINERY THAT PROCESSES SWEET CRUDE,IN SERVICE,276,GALVESTON,29.37542,-94.90798,https://www.marathonpetroleum.com,MARATHON PETROLEUM CORP,MARATHON PETROLEUM CO LP,86000,73,86000,https://drive.google.com/uc?id=1jSD9cUZb7laGJGzKO_mINdR28FBy8kIG
8,BAYTOWN,2800 DECKER DR/4500 BAYWAY DRIVE,BAYTOWN,TX,VERY LARGE AND HIGHLY COMPLEX REFINERY,IN SERVICE,1307,HARRIS,29.74285,-95.01026,http://www.exxonmobilchemical.com,EXXON MOBIL CORP,EXXONMOBIL REFINING & SUPPLY CO,560500,2,560500,https://drive.google.com/uc?id=14QB6hIKqkCMwp497fr3g3mqSvGaDWnU5
9,CHALMETTE,500 WEST ST. BERNARD HWY,CHALMETTE,LA,LARGE COMPLEX REFINERY,IN SERVICE,625,ST. BERNARD,29.93358,-89.96916,http://corporate.exxonmobil.com,PBF ENERGY CO LLC,CHALMETTE REFINING LLC,190000,37,190000,https://drive.google.com/uc?id=1Wadf3nQyhN4InZcG3CFWG2unTysYoyxM
10,TOLEDO,4001 CEDAR POINT ROAD,OREGON,OH,MEDIUM COMPLEX REFINERY,IN SERVICE,465,LUCAS,41.67947,-83.45156,http://www.huskyenergy.com,BP HUSKY REFINING LLC,BP-HUSKY REFINING LLC,153000,48,153000,https://drive.google.com/uc?id=1BJ_RRlvX0pQKQy8TyDoywLnO1nM8pvKZ
11,THREE RIVERS,301 LEROY STREET,THREE RIVERS,TX,MEDIUM SIZED MEDIUM COMPLEXITY REFINERY,IN SERVICE,302,LIVE OAK,28.45728,-98.18771,http://www.valero.com,VALERO ENERGY CORP,VALERO ENERGY CORPORATION,89000,71,89000,https://drive.google.com/uc?id=18NM1-XN2oCN0i6zmLKAcY1nsxT6fG_2J
12,HOUSTON,9701 MANCHESTER,HOUSTON,TX,LARGE COMPLEX REFINERY,IN SERVICE,340,HARRIS,29.72181,-95.2536,http://www.valero.com,VALERO ENERGY CORP,VALERO REFINING CO TEXAS LP,191000,36,191000,https://drive.google.com/uc?id=1IZa-Uno28T_YgNIIwqH5jPUh_wqR4Dss
13,SINCLAIR,100 E LINCOLN AVENUE (EAST LINCOLN HIGHWAY),SINCLAIR,WY,MEDIUM COMPLEX REFINERY,IN SERVICE,332,CARBON,41.78212,-107.10722,http://www.sinclairoil.com,SINCLAIR OIL CORP,SINCLAIR WYOMING REFINING CO,85000,76,85000,https://drive.google.com/uc?id=1Y5Ix-v9nt9zcN8bV4bMLZNt9V7KACxlF
14,TYLER,1702 E COMMERCE STREET,TYLER,TX,MEDIUM SIZED MEDIUM COMPLEXITY REFINERY,IN SERVICE,254,SMITH,32.36172,-95.2797,http://www.delekus.com,DELEK GROUP LTD,DELEK REFINING LTD,72000,86,72000,https://drive.google.com/uc?id=1XSGIoHnmm1q18Kh-fIA-QPn48SJr6_yb
15,MARTINEZ,3485 PACHECO BLVD,MARTINEZ,CA,LARGE HIGHLY COMPLEX REFINERY,IN SERVICE,774,CONTRA COSTA,38.01844,-122.11327,http://www.shell.us,ROYAL DUTCH/SHELL GROUP,SHELL OIL PRODUCTS US,156400,47,156400,https://drive.google.com/uc?id=1Sn3HlimgjXqeQC2dfUngSzhRBvZNfKh4
16,SUNRAY,6701 FM 119,SUNRAY,TX,MEDIUM COMPLEX REFINERY,IN SERVICE,435,MOORE,35.95528,-101.88038,http://www.valero.com,VALERO ENERGY CORP,VALERO ENERGY CORPORATION,195000,35,195000,https://drive.google.com/uc?id=10EInuOepaeGGvxMpsGOi4ADEojGWlRxS
17,PASADENA,111 RED BLUFF ROAD,PASADENA,TX,MEDIUM SIZED COMPLEX REFINERY WITH A HIGH GASOLINE YIELD,IN SERVICE,345,HARRIS,29.7231,-95.20804,http://www.petrobras.com,PETROBRAS AMERICA INC,PASADENA REFINING SYSTEMS INC,112229,61,112229,https://drive.google.com/uc?id=1FwVJm8S0BY_vZfcSvwGr4C3i7voWeJGm
18,LAKE CHARLES,1601 HWY 108 E,SULPHUR,LA,MODERN DEEP-CONVERSION FACILITY,IN SERVICE,1183,CALCASIEU,30.17866697,-93.33023518,http://citgorefining.com,PDV AMERICA INC,CITGO PETROLEUM CORP,425000,6,425000,https://drive.google.com/uc?id=1QixJBHR9UiyQEZfUVhCh7hFGhkxt49Bd
19,RODEO (SAN FRANCISCO),1380 SAN PABLO AVENUE,RODEO,CA,MEDIUM COMPLEX REFINERY,IN SERVICE,445,CONTRA COSTA,38.04457,-122.25522,http://www.phillips66.com,PHILLIPS 66 COMPANY,PHILLIPS 66 COMPANY,120200,58,120200,https://drive.google.com/uc?id=1AdUV-_F-RywbRPkCckJ0fLxIqUGA86Js
20,TULSA WEST,1700 S UNION AVE,TULSA,OK,MEDIUM SIZED MEDIUM COMPLEXITY REFINERY,IN SERVICE,285,TULSA,36.1389,-96.02106,http://www.hollyfrontier.com,HOLLYFRONTIER CORP,HOLLYFRONTIER TULSA REFINING LLC,85000,75,85000,https://drive.google.com/uc?id=1kYAyn7jskWjFYrBgkcyJfbosFAPi8yMN
21,PARAMOUNT,14700 DOWNEY AVENUE,PARAMOUNT,CA,SMALL LOW COMPLEXITY REFINERY,IN SERVICE,155,LOS ANGELES,33.89872,-118.14659,http://www.ppcla.com,ALON ISRAEL OIL COMPANY LTD,PARAMOUNT PETROLEUM CORPORATION,84500,77,0,https://drive.google.com/uc?id=1u6PnW9BK1_Nddld4-db_BAHd-Gujo1T8
22,TULSA EAST,902 W 25TH STREET,TULSA,OK,LARGE COMPLEX REFINERY,IN SERVICE,409,TULSA,36.11992,-96.00072,https://www.hollyfrontier.com,HOLLYFRONTIER CORP,HOLLYFRONTIER TULSA REFINING LLC,70300,87,0,https://drive.google.com/uc?id=14exyojSyo0WDVDzHz44aKjSEMySURH6d
23,MOUNT VERNON,1200 REFINERY ROAD,MOUNT VERNON,IN,MEDIUM SIZED COMPLEX REFINERY,IN SERVICE,190,POSEY,37.94216,-87.91082,http://www.countrymark.com,COUNTRYMARK COOP INC,COUNTRYMARK COOPERATIVE INC,28200,110,28200,https://drive.google.com/uc?id=1lnJBsu6kj0WVO3xePClQ_itiHPR4KB7K
24,NEWELL,9995 OHIO RIVER BOULEVARD,NEWELL,WV,SMALL MEDIUM COMPLEXITY REFINERY,IN SERVICE,180,HANCOCK,40.61127,-80.62966,http://www.ergon.com/,ERGON INC,ERGON WEST VIRGINIA INC,22300,116,22300,https://drive.google.com/uc?id=1_hhUEK-lcUaC7b8Ufi7bjOnNTheMpAS_
25,WESTLAKE,2800 OLD SPANISH TRAIL,WESTLAKE,LA,MEDIUM LUBRICANTS REFINERY,IN SERVICE,98,CALCASIEU,30.24224,-93.28476,http://www.fhr.com,EXCEL PARALUBES,EXCEL PARALUBES,0,139,0,https://drive.google.com/uc?id=15pw7OoQVRQeCv3rYqBa_nXghNC3iFhj2
26,WESTLAKE,2200 OLD SPANISH TRAIL,WESTLAKE,LA,LARGE MEDIUM COMPLEXITY REFINERY,IN SERVICE,705,CALCASIEU,30.24116,-93.27022,http://www.phillips66.com,PHILLIPS 66 COMPANY,PHILLIPS 66 COMPANY,260000,21,260000,https://drive.google.com/uc?id=1_PQkZuMPKO0l4Q_tAB4mC5aReGAtAHmw
27,SAINT PAUL PARK,301 ST PAUL PARK RD,SAINT PAUL PARK,MN,MEDIUM REFINERY WITH HIGH COMPLEXITY,IN SERVICE,370,WASHINGTON,44.85156,-93.00051,https://www.marathonpetroleum.com,MARATHON PETROLEUM CORP,MARATHON PETROLEUM CO LP,102000,63,98515,https://drive.google.com/uc?id=1nd86st-whT6hzugm5sMGFHq1Nq-qZUk5
28,BRADFORD,77 N KENDALL AVE,BRADFORD,PA,VERY SMALL REFINERY,IN SERVICE,250,MCKEAN,41.96487,-78.63466,http://www.amref.com,AMERICAN REFINING GROUP INC,AMERICAN REFINING GROUP INC,11000,127,11000,https://drive.google.com/uc?id=1-u_4Yt6mGk7eTDzdt6qM4VzD86UGINJv
29,EVANSTON,2990 COUNTY ROAD 180,EVANSTON,WY,VERY SMALL SIMPLE REFINERY,IN SERVICE,26,UINTA,41.26035,-110.80691,http://silvereagleenergy.com,SILVER EAGLE REFINING INC,SILVER EAGLE REFINING,3000,136,3000,https://drive.google.com/uc?id=130BCixYXyfMaE4NmYf810WlwW5-NTLoy
30,EWA BEACH,91-325 KOMOHANA STREET,KAPOLEI,HI,MEDIUM COMPLEX REFINERY,IN SERVICE,260,HONOLULU,21.30378,-158.09246,http://www.hawaiiindependentenergy.com,PAR PETROLEUM INC,HAWAII INDEPENDENT ENERGY LLC,93500,68,93500,https://drive.google.com/uc?id=1unUzGosPqTylFEKcl4s5cv2R4pgbDjUD
31,LOS ANGELES (WILMINGTON PLANT),2101 E PACIFIC COAST HIGHWAY,WILMINGTON,CA,MEDIUM SIZED COMPLEX REFINERY,IN SERVICE,520,LOS ANGELES,33.79637,-118.23297,https://www.marathonpetroleum.com,MARATHON PETROLEUM CORP,MARATHON PETROLEUM CO LP,94900,67,94900,https://drive.google.com/uc?id=1gnZ0ARi5K8GK5gYwg-X9Wq8l_AP3NG8P
32,NORTH SALT LAKE,333 W CENTER STREET,NORTH SALT LAKE,UT,SMALL BUT MEDIUM COMPLEX REFINERY FOCUSED ON GASOLINE PRODUCTION,IN SERVICE,146,DAVIS,40.83864,-111.92062,http://www.bigwestoil.com,FJ MANAGEMENT INC,BIG WEST OIL CO,30500,109,30500,https://drive.google.com/uc?id=1LKhZ9F15l0TZ5L8ua2rXl2QZJ40MoHw8
33,HONOLULU,91-480 MALAKOLE STREET,KAPOLEI,HI,MEDIUM SIZED MEDIUM COMPLEXITY REFINERY,IN SERVICE,203,HONOLULU,21.30988,-158.1118,https://www.islandenergyservices.com,ISLAND ENERGY SERVICES LLC,ISLAND ENERGY SERVICES DOWNSTREAM,54000,98,54000,https://drive.google.com/uc?id=1S38acLfwTOCNvlUmoYevvrRmD_hT3jor
34,BATON ROUGE,4045 SCENIC HIGHWAY,BATON ROUGE,LA,VERY LARGE COMPLEX REFINERY,IN SERVICE,1337,EAST BATON ROUGE,30.4839,-91.17958,http://corporate.exxonmobil.com,EXXON MOBIL CORP,EXXONMOBIL REFINING & SUPPLY CO,502500,4,502500,https://drive.google.com/uc?id=1rE5wpKPnN6yGNpSLPgNxpaTtYURgeF0G
35,WILMINGTON,1660 W. ANAHEIM STREET,WILMINGTON,CA,MEDIUM SIZED COMPLEX REFINERY,IN SERVICE,411,LOS ANGELES,33.77309,-118.28705,http://www.phillips66.com,PHILLIPS 66 COMPANY,PHILLIPS 66 COMPANY,139000,54,139000,https://drive.google.com/uc?id=1Efw3bhjQmDYOkxr3oaJD2CVrks8dkQus
36,TACOMA,3001 MARSHALL AVENUE,TACOMA,WA,SMALL MEDIUM COMPLEXITY REFINERY,IN SERVICE,170,PIERCE,47.25709,-122.39626,http://www.usor.com,TRAILSTONE LP,US OIL & REFINING CO,40700,103,40700,https://drive.google.com/uc?id=1wovqPhfLq6Kmjfv5_PqdZB0Cv48L5EhE
37,COTTON VALLEY,1756 OLD HWY 7,COTTON VALLEY,LA,SMALL LUBRICANTS REFINERY,IN SERVICE,42,WEBSTER,32.79952,-93.41136,http://www.calumetspecialty.com,"CALUMET SPECIALTY PRODUCTS PARTNERS, L.P.",CALUMET LUBRICANTS CO LP,13020,125,13020,https://drive.google.com/uc?id=1b5cFzlFN_zqqJpOdfan3BlA541MnzTS4
38,GREAT FALLS,1900 10TH STREET NE,GREAT FALLS,MT,VERY SMALL BUT COMPLEX REFINERY CAPABLE OF PROCESSING THE HEAVIEST CRUDE,IN SERVICE,95,CASCADE,47.52363,-111.29321,http://www.calumetspecialty.com,"CALUMET SPECIALTY PRODUCTS PARTNERS, L.P.",CALUMET MONTANA REFINING LLC,33600,108,24000,https://drive.google.com/uc?id=1Kkvq2lHpUvhFb2T5wJP3QMU8mc8gvMH6
39,HOUSTON,12000 LAWNDALE AVE,HOUSTON,TX,VERY LARGE COMPLEX REFINERY,IN SERVICE,983,HARRIS,29.71373,-95.23472,http://www.lyondellbasell.com,ACCESS INDUSTRIES,HOUSTON REFINING LP,263776,20,263776,https://drive.google.com/uc?id=1QHa-rQqSJIwsECbxVx-wc0L3CF6Mlquf
40,BEAUMONT,1795 BURT ST,BEAUMONT,TX,LARGE COMPLEX REFINERY,IN SERVICE,1166,JEFFERSON,30.06365,-94.0689,http://cdn.exxonmobil.com,EXXON MOBIL CORP,EXXONMOBIL REFINING & SUPPLY CO,362300,8,362300,https://drive.google.com/uc?id=1SXeWkYuN1Bi5bk5BvfDTFLrpanhwHJl6
41,BENICIA,3400 E SECOND ST,BENICIA,CA,LARGE FUELS REFINERY,IN SERVICE,549,SOLANO,38.07159,-122.13795,http://www.valero.com,VALERO ENERGY CORP,VALERO REFINING CO CALIFORNIA,145000,52,145000,https://drive.google.com/uc?id=1Iee9ly4t0NF94mW81WCUbaqQePR6v1yB
42,PORT ALLEN,1940 LOUISIANA HWY 1 NORTH,PORT ALLEN,LA,SMALL MEDIUM COMPLEXITY REFINERY,IN SERVICE,285,WEST BATON ROUGE,30.47564,-91.20631,http://www.placidrefining.com,PLACID OIL CO,PLACID REFINING CO,75000,81,75000,https://drive.google.com/uc?id=1ETUofsN0qHA2phlC1IzbvLkEgrhZZOTw
43,TORRANCE,3700 W 190TH STREET,TORRANCE,CA,HIGHLY COMPLEX REFINERY,IN SERVICE,800,LOS ANGELES,33.85271,-118.33026,http://corporate.exxonmobil.com,PBF ENERGY CO LLC,TORRANCE REFINING CO LLC,150900,49,150900,https://drive.google.com/uc?id=1lTFB0LbO3iQ1veVj_TeUrNIS57YGgNqI
44,BAKERSFIELD,7724 E PANAMA LN,BAKERSFIELD,CA,SMALL REFINERY,IN SERVICE,110,KERN,35.29459,-118.91804,http://www.kernoil.com,KERN OIL & REFINING CO,KERN OIL & REFINING CO,26000,112,26000,https://drive.google.com/uc?id=1lBtC-vlGu-8yko1UIgCFDJ3k80grLkR0
45,LINDEN,1400 PARK AVE SOUTH,LINDEN,NJ,LARGE COMPLEX REFINERY COLOCATED WITH PETROCHEMICALS,IN SERVICE,830,UNION,40.6324,-74.22303,http://www.phillips66.com,PHILLIPS 66 COMPANY,PHILLIPS 66 COMPANY,241000,25,241000,https://drive.google.com/uc?id=1IhX1QC8zq8j1AuitqbOsCq3ACfMx_CaA
46,SWEENY,SOUTHWEST OF THE INTERSECTION OF FM 524 AND HWY 35,OLD OCEAN,TX,LARGE COMPLEX REFINERY,IN SERVICE,923,BRAZORIA,29.07292,-95.74694,http://www.phillips66.com,PHILLIPS 66 COMPANY,PHILLIPS 66 COMPANY,247000,23,247000,https://drive.google.com/uc?id=1BoL7s5pQUEHqobYmqUrN17Ul-mPA0176
47,SANDERSVILLE,177 HANEY RD HWY 11 N (2 MI N OF SANDERSVILLE),HEIDELBERG,MS,SMALL ASPHALT REFINERY,IN SERVICE,40,JONES,31.81706,-89.00875,http://www.huntrefining.com,HUNT CONSLD INC,HUNT SOUTHLAND REFINING CO,11000,126,11000,https://drive.google.com/uc?id=1LCKkmNspnEyiz3C-sQgH1tQLf2aLK5Sc
48,NAVAJO,501 E MAIN ST,ARTESIA,NM,MEDIUM SIZED HIGHLY COMPLEX REFINERY,IN SERVICE,330,EDDY,32.84693,-104.39327,http://www.hollyfrontier.com,HOLLYFRONTIER CORP,HOLLYFRONTIER NAVAJO REFINING LLC,98000,65,98000,https://drive.google.com/uc?id=1V89nQeRQThpBTbxoOK0rE_dXPuB_9DGz
49,SARALAND,400 INDUSTRIAL PARKWAY EXTENSION EAST,SARALAND,AL,SMALL / MEDIUM SIZED SIMPLE REFINERY,IN SERVICE,165,MOBILE,30.78914,-88.05573,http://www.shell.com,ROYAL DUTCH/SHELL GROUP,SHELL CHEMICAL LP,91575,70,91575,https://drive.google.com/uc?id=1T93uGwcgRKcGyELd8shKxtrdeVVN9fIw
50,SALT LAKE CITY,2351 NORTH 1100 WEST,SALT LAKE CITY,UT,SMALL COMPLEX REFINERY,IN SERVICE,301,SALT LAKE,40.8259,-111.92327,https://www.chevron.com/,CHEVRON CORP,CHEVRON USA INC,54500,97,54500,https://drive.google.com/uc?id=1cYqssNSSWL_uR-ZVTwEsls4YVy2yPDG1
51,FERNDALE,3901 UNICK ROAD,FERNDALE,WA,MEDIUM SIZED MEDIUM COMPLEXITY REFINERY,IN SERVICE,406,WHATCOM,48.82973,-122.69437,http://www.phillips66.com,PHILLIPS 66 COMPANY,PHILLIPS 66 COMPANY,101000,64,101000,https://drive.google.com/uc?id=1SxWloW24gMPxpdbMYUn1THIVXVudkskd
52,CHEYENNE,2700 EAST 5TH STREET,CHEYENNE,WY,SMALL COMPLEX REFINERY,IN SERVICE,300,LARAMIE,41.12768,-104.78969,http://www.hollyfrontier.com,HOLLYFRONTIER CORP,HOLLYFRONTIER CHEYENNE REFINING LLC,47000,99,47000,https://drive.google.com/uc?id=1vr5D3VcwrO6Q16H015D1_neG66-n1V31
53,EL DORADO,1000 MCHENRY ST,EL DORADO,AR,SMALL REFINERY,IN SERVICE,327,UNION,33.19927,-92.67513,http://www.lionoil.com,DELEK GROUP LTD,LION OIL CO,83000,79,83000,https://drive.google.com/uc?id=11PZ81uTbxiU34gLiuECMQ726kTZ5QNtW
54,VICKSBURG,2611 HAINING ROAD,VICKSBURG,MS,SMALL SCALE SPECIALIST NAPHTHENIC PROCESS OIL PRODUCER,IN SERVICE,180,WARREN,32.38658,-90.90825,http://ergon.com,ERGON INC,ERGON REFINING INC,26500,111,26500,https://drive.google.com/uc?id=15U1Chzon57hUM1oK2zoLmmvtrSEPJhDA
55,SILSBEE,7752 WEST FM 418,SILSBEE,TX,SMALL AROMATICS PRODUCER,IN SERVICE,125,HARDIN,30.39826,-94.22855,http://www.southhamptonr.com,TEXAS OIL & CHEMICAL CO,SOUTH HAMPTON RESOURCES INC,0,140,0,https://drive.google.com/uc?id=1BKDmVGYexDzZN2IOrsNR8VJJR-gjl9UL
56,LEMONT,135TH STREET AND NEW AVE,LEMONT,IL,LARGE COMPLEX REFINERY,IN SERVICE,513,WILL,41.65374,-88.04839,http://www.citgo.com,PDV AMERICA INC,PDV MIDWEST REFINING LLC,175940,42,175940,https://drive.google.com/uc?id=1ln7PMsgMtwxvGliageeYW8K38qa52w8Z
57,BILLINGS,401 S 23RD STREET,BILLINGS,MT,SMALL BUT COMPLEX REFINERY WITH A HIGH CLEAN PRODUCT YIELD,IN SERVICE,296,YELLOWSTONE,45.78061,-108.48972,http://www.conocophillips.com/,PHILLIPS 66 COMPANY,PHILLIPS 66 COMPANY,60000,93,60000,https://drive.google.com/uc?id=1YrJHJFnbtX7TyB0iyDfn4SK4W3Ez3NQk
58,WARREN,15 BRADLEY STREET,WARREN,PA,MEDIUM SIZED MEDIUM COMPLEXITY REFINERY,IN SERVICE,643,WARREN,41.8297,-79.12742,http://www.urc.com,RED APPLE GROUP INC,UNITED REFINING CO,65000,90,65000,https://drive.google.com/uc?id=1M1ydWCZm8DkoAbjRBta5Hmme6Lf572hF
59,ANACORTES,8505 S. TEXAS RD,ANACORTES,WA,MEDIUM TO LARGE COMPLEX REFINERY,IN SERVICE,477,SKAGIT,48.47182,-122.55912,http://www.shell.us,ROYAL DUTCH/SHELL GROUP,SHELL OIL PRODUCTS US,145000,53,145000,https://drive.google.com/uc?id=1dEkPMV3LPIjwNHiDbLZtITtbf0StbHzs
60,NORCO,15536 RIVER RD,NORCO,LA,LARGE COMPLEX REFINERY WITH A HIGH GASOLINE YIELD,IN SERVICE,1200,ST. CHARLES,30.00314,-90.40214,https://www.shell.us,ROYAL DUTCH SHELL,SHELL OIL PRODUCTS US (REFINING),225800,30,225800,https://drive.google.com/uc?id=1chjkDAaFhE5l4TsVJWJwj3t52GkUMFbv
61,TUSCALOOSA,1855 FAIRLAWN RD,TUSCALOOSA,AL,SMALL / MEDIUM SIZED REFINERY,IN SERVICE,259,TUSCALOOSA,33.2005,-87.60783,http://www.huntrefining.com,HUNT CONSLD INC,HUNT REFINING CO,36000,106,36000,https://drive.google.com/uc?id=1GrYyUrwXRwRgpKA0PpKS6AmykJOrk2tk
62,CORPUS CHRISTI,1802 NUECES BAY BLVD.,CORPUS CHRISTI,TX,LARGE COMPLEX REFINERY,IN SERVICE,665,NUECES,27.80941,-97.42639,http://citgorefining.com/,PDV AMERICA INC,CITGO REFINING & CHEMICAL INC,157500,46,157500,https://drive.google.com/uc?id=1o3-Rxrm2meZ8MmNLW0q8egyTXZsdh3p5
63,WOODS CROSS,393 SOUTH 800 WEST,WOODS CROSS,UT,SMALL BUT HIGHLY COMPLEX REFINERY,IN SERVICE,188,DAVIS,40.887,-111.90389,http://www.hollyfrontier.com,HOLLYFRONTIER CORP,HOLLYFRONTIER WOODS CROSS REFINING L,39330,104,39330,https://drive.google.com/uc?id=1SXwfy06sP17PDMIIGyG2aQwXf9UwVf57
64,PORT ARTHUR,1801 S GULFWAY DRIVE,PORT ARTHUR,TX,LARGE COMPLEX REFINERY,IN SERVICE,840,JEFFERSON,29.86055,-93.96562,http://www.valero.com,VALERO ENERGY CORP,PREMCOR REFINING GROUP INC,335000,11,335000,https://drive.google.com/uc?id=16c2pYHsYjsIaNzgxqElfjC9jLUigSXan
65,TOLEDO,1819 WOODVILLE ROAD,OREGON,OH,HIGH CONVERSION LIGHT/SWEET REFINERY,IN SERVICE,525,LUCAS,41.6328,-83.5019,http://www.pbfenergy.com,PBF ENERGY CO LLC,TOLEDO REFINING CO LLC,160000,45,160000,https://drive.google.com/uc?id=1DmuAkzRb7zmD5ClaAdMBzkae0J-6JEMi
66,BELLE CHASSE,15551 HWY 23,BELLE CHASSE,LA,MEDIUM SIZED COMPLEX REFINERY,IN SERVICE,354,PLAQUEMINES,29.68239,-89.97501,http://www.phillips66.com,PHILLIPS 66 COMPANY,PHILLIPS 66 COMPANY,247000,22,247000,https://drive.google.com/uc?id=1FwaNjshvSyqOluomNRLtU-C2kSm0dfFF
67,KROTZ SPRINGS,356 S LEVEE ROAD,KROTZ SPRINGS,LA,SMALL MEDIUM COMPLEXITY REFINERY,IN SERVICE,208,ST. LANDRY,30.5256,-91.75003,http://www.alonusa.com,ALON ISRAEL OIL COMPANY LTD,ALON REFINING KROTZ SPRINGS INC,80000,80,80000,https://drive.google.com/uc?id=1MqNHZhr-aZdOojk-1TVYF9eY-UpJX6Vv
68,EL SEGUNDO,324 W EL SEGUNDO BLVD,EL SEGUNDO,CA,LARGE FUELS REFINERY,IN SERVICE,1200,LOS ANGELES,33.91022,-118.40949,https://www.chevron.com/,CHEVRON CORP,CHEVRON USA INC,269000,19,269000,https://drive.google.com/uc?id=1R7hMgNLECqRtmtOL9yas63fAr2aD19Yw
69,JOLIET,25915 SE FRONTAGE ROAD,CHANNAHON,IL,LARGE COMPLEX REFINERY,IN SERVICE,576,WILL,41.41383,-88.18346,http://corporate.exxonmobil.com,EXXON MOBIL CORP,EXXONMOBIL REFINING & SUPPLY CO,238600,26,238600,https://drive.google.com/uc?id=1MxvHrlYfLpCK7b1lMc0QPbjHl1q_pEvj
70,PHILADELPHIA (PES REFINING COMPLEX),3144 PASSYUNK AVE,PHILADELPHIA,PA,LARGE MEDIUM COMPLEXITY REFINERY,IN SERVICE,830,PHILADELPHIA,39.90319,-75.20799,http://www.pes-companies.com,CARLYLE GROUP,PHILADELPHIA ENERGY SOLUTIONS,310000,13,310000,https://drive.google.com/uc?id=1iPKqBPIDfD7A3bcMe8dthSzb6XIRt1Ap
71,PONCA CITY,1000 S PINE STREET,PONCA CITY,OK,LARGE HIGH-CONVERSION REFINERY,IN SERVICE,850,KAY,36.68193,-97.09105,http://www.phillips66.com,PHILLIPS 66 COMPANY,PHILLIPS 66 COMPANY,200000,34,200000,https://drive.google.com/uc?id=1D85Nmtv4tsOw5lA6Pg2sSHbsgB003BDU
72,PASCAGOULA,250 INDUSTRIAL ROAD,PASCAGOULA,MS,LARGE AND VERY COMPLEX REFINERY,IN SERVICE,1610,JACKSON,30.34345,-88.48672,https://www.chevron.com/,CHEVRON CORP,CHEVRON USA INC,340000,9,340000,https://drive.google.com/uc?id=1m7wjylPxebLBnsiKlwes_NOGk1P9uPfK
73,VALDEZ,2.5 MILE DAYVILLE ROAD,VALDEZ,AK,SMALL SIMPLE REFINERY,IN SERVICE,38,VALDEZ-CORDOVA,61.08396,-146.25057,http://www.petrostar.com,ARCTIC SLOPE REGIONAL CORP,PETRO STAR INC,55000,96,55000,https://drive.google.com/uc?id=1EChu-v6gVLOpzB6D8JxV6GHoQxTcil2t
74,DELAWARE CITY,4550 WRANGLE HILL ROAD,DELAWARE CITY,DE,LARGE COMPLEX REFINERY,IN SERVICE,600,NEWCASTLE,39.5873,-75.63058,http://www.pbfenergy.com,PBF ENERGY CO LLC,DELAWARE CITY REFINING CO LLC,182200,40,182200,https://drive.google.com/uc?id=14ZLXlcoNbAvcLvOBIiC1T9mk_a1kWFYE
75,SOUTH GATE,9302 GARFIELD AVENUE,SOUTH GATE,CA,VERY SMALL REFINERY,IN SERVICE,62,LOS ANGELES,33.9463,-118.16704,http://www.lundaythagard.com,WORLD OIL CO,LUNDAY THAGARD CO,8500,129,8500,https://drive.google.com/uc?id=1pkrFX5mPOg4j1QKFWIUa45NneJAinSye
76,SALT LAKE CITY,474 WEST 900 NORTH,SALT LAKE CITY,UT,SMALL MEDIUM COMPLEXITY REFINERY,IN SERVICE,260,SALT LAKE,40.79395,-111.90812,https://www.marathonpetroleum.com,MARATHON PETROLEUM CORP,MARATHON PETROLEUM CO LP,63000,91,57500,https://drive.google.com/uc?id=1mxTAmysFdStC1_a6ckoRSQdgD1yngKP_
77,EL PASO,6500 TROWBRIDGE DRIVE/212 N CLARK DR,EL PASO,TX,MEDIUM SIZED MEDIUM COMPLEXITY REFINERY,IN SERVICE,440,EL PASO,31.76949,-106.4036,https://www.marathonpetroleum.com,MARATHON PETROLEUM CORP,MARATHON PETROLEUM CO LP,122000,57,122000,https://drive.google.com/uc?id=1eqjVtfLQQo3-Gy64h9YyAuAKidYMecUy
78,CORPUS CHRISTI EAST AND WEST,1607 NUECES BAY BLVD,CORPUS CHRISTI,TX,VERY LARGE COMPLEX REFINERY,IN SERVICE,22,NUECES,27.80624,-97.42306,http://www.fhr.com,KOCH INDUSTRIES INC,FLINT HILLS RESOURCES LP,296470,14,296470,https://drive.google.com/uc?id=1VJT0XldpoJ1q7ADFYeGkrG28WQRW7tMS
79,ANACORTES,WEST MARCH'S POINT ROAD,ANACORTES,WA,MEDIUM TO LARGE COMPLEX REFINERY,IN SERVICE,390,SKAGIT,48.49396568,-122.5659765,https://www.marathonpetroleum.com,MARATHON PETROLEUM CORP,MARATHON PETROLEUM CO LP,120000,59,120000,https://drive.google.com/uc?id=1QwxxGJny3s1a5rCyy2KVH0keh8ZG87z0
80,GARYVILLE,4663 WEST AIRLINE HWY,GARYVILLE,LA,VERY LARGE COMPLEX REFINERY,IN SERVICE,930,ST. JOHN THE BAPTIST,30.06129,-90.59639,https://www.marathonpetroleum.com,MARATHON PETROLEUM CORP,MARATHON PETROLEUM CO LP,543000,3,543000,https://drive.google.com/uc?id=1jU55u1Eh-2hfHJJDEzYfAu6DmnTCNgJj
81,NEW CASTLE,740 WEST MAIN STREET,NEWCASTLE,WY,VERY SMALL MEDIUM COMPLEXITY REFINERY,IN SERVICE,94,WESTON,43.84958,-104.21464,http://www.parpacific.com,PAR PETROLEUM INC,HERMES CONSOLIDATED LLC,18000,120,18000,https://drive.google.com/uc?id=1roud8qw3B04AthWi0ApeERA4G1O_Uo0b
82,BORGER,SPUR 119 NORTH,BORGER,TX,MEDIUM SIZED REFINERY INCLUDES AN NGL FRACTIONATION FACILITY,IN SERVICE,709,HUTCHINSON,35.69769,-101.36159,http://www.phillips66.com,WRB REFINING LP (PHILLIPS66/CENOVUS),PHILLIPS 66 COMPANY,146000,51,146000,https://drive.google.com/uc?id=1w1ZsGvZTItBXACnudzcFcsSpyq5WQKin
83,LIMA,1150 SOUTH METCALF STREET,LIMA,OH,MEDIUM SIZED MEDIUM COMPLEXITY REFINERY,IN SERVICE,393,ALLEN,40.71772,-84.12643,http://www.huskyenergy.com,HUSKY ENERGY INC,LIMA REFINING COMPANY,177000,41,177000,https://drive.google.com/uc?id=1K-DIUVBgw1wcNPOdxzoghcLojeO5qadY
84,KENAI,54741 TESORO ROAD,KENAI,AK,MEDIUM SIZED FUELS REFINERY,IN SERVICE,230,KENAI PENINSULA,60.68387,-151.36605,https://www.marathonpetroleum.com,MARATHON PETROLEUM CORP,MARATHON PETROLEUM CO LP,72000,85,62700,https://drive.google.com/uc?id=1XnOkXM14BmH5dd8BHxcg1VVVlglrSFfD
85,MERAUX,2500 EAST ST. BERNARD HWY,MERAUX,LA,MEDIUM COMPLEX REFINERY,IN SERVICE,274,ST. BERNARD,29.93542,-89.93908,http://www.valero.com,VALERO ENERGY CORP,VALERO ENERGY CORPORATION,125000,56,125000,https://drive.google.com/uc?id=1im5ia3ukLdbdBWYx1dt_N1cISGFadqp_
86,WYNNEWOOD,906 S. POWELL,WYNNEWOOD,OK,SMALL MEDIUM COMPLEXITY REFINERY WITH BOTH FCC & HYDROCRACKER,IN SERVICE,260,GARVIN,34.63057,-97.16788,http://www.cvrrefining.com,CVR ENERGY,WYNNEWOOD REFINING CO,70000,88,70000,https://drive.google.com/uc?id=1mnrAyPiJFOhdys5NATOcsHGKLzkeq7Nu
87,SAINT PAUL,12555 CLARK RD,ROSEMOUNT,MN,LARGE HIGHLY COMPLEX REFINERY THAT PROCESSES VERY HEAVY CRUDES,IN SERVICE,918,DAKOTA,44.76598,-93.04178,http://www.fhr.com,KOCH INDUSTRIES INC,FLINT HILLS RESOURCES LP,290000,16,290000,https://drive.google.com/uc?id=1kgJfSSldlT5A0jemNcX8Yf5GxDIPEHrd
88,LAKE CHARLES,4359 WEST TANK FARM RD,LAKE CHARLES,LA,SMALL SIMPLE REFINERY,IN SERVICE,38,CALCASIEU,30.13371,-93.32054,http://www.calcasieurefining.com,TRANSWORLD OIL USA INC,CALCASIEU REFINING CO,104000,62,104000,https://drive.google.com/uc?id=1m3PAuwSHILu0mcrPIc2RkEdqYe8E4OSQ
89,PORT ARTHUR,HWY 366 AND 32ND STREET,PORT ARTHUR,TX,LARGE COMPLEX REFINERY,IN SERVICE,500,JEFFERSON,29.96016,-93.88862,http://www.totalpetrochemicalsusa.com,TOTAL SA,TOTAL PETROCHEMICALS & REFINING USA,225500,31,225500,https://drive.google.com/uc?id=1f7Vzq2hymawTGwxOyiDA8ktfMfh6J-xW
90,CANTON,2408 GAMBRINUS AVE SW,CANTON,OH,SMALL MEDIUM COMPLEXITY REFINERY,IN SERVICE,361,STARK,40.77343,-81.41391,https://www.marathonpetroleum.com,MARATHON PETROLEUM CORP,MARATHON PETROLEUM CO LP,93000,69,93000,https://drive.google.com/uc?id=1w_G8mt9Wz5HHRFAnbOwfXhYaZuJmEDD3
91,GALLUP,"92 GIANT CROSSING ROAD, I-40 AT EXIT 39",JAMESTOWN,NM,SMALL REFINERY WITH SOME CRACKING CAPABILITY,IN SERVICE,220,MCKINLEY,35.48885,-108.42582,https://www.marathonpetroleum.com,MARATHON PETROLEUM CORPORATION,MARATHON PETROLEUM CORPORATION,25500,113,25500,https://drive.google.com/uc?id=1Zo2g7hiftfeAe9ZvfN14m5nd1MmD1FzS
92,ARDMORE,1 VALERO WAY,ARDMORE,OK,SMALL MEDIUM COMPLEXITY REFINERY CAPABLE OF PROCESSING A RANGE OF CRUDE OILS,IN SERVICE,320,CARTER,34.20492,-97.10442,http://www.valero.com,VALERO ENERGY CORP,VALERO REFINING CO OKLAHOMA,86000,72,86000,https://drive.google.com/uc?id=1Kacuh-5TaE_JF3M06NbiDZEZK7fOJQ23
93,PORT ARTHUR,2555 SAVANNAH AVENUE,PORT ARTHUR,TX,VERY LARGE COMPLEX REFINERY,IN SERVICE,1050,JEFFERSON,29.88301,-93.95994,https://www.motiva.com/,MOTIVA ENTERPRISES LLC,MOTIVA ENTERPRISES LLC,603000,1,603000,https://drive.google.com/uc?id=1wS0pdNKesmKBC7gj2sZoNxbWV2c-jev9
94,NORCO,14902 RIVER RD,NORCO,LA,LARGE COMPLEX REFINERY,IN SERVICE,530,ST. CHARLES,29.99255,-90.39446,http://www.valero.com,VALERO ENERGY CORP,VALERO REFINING NEW ORLEANS LLC,215000,33,215000,https://drive.google.com/uc?id=114tn7-HFuOq7_EXkmKX6EzrPdGM8EcZA
95,RICHMOND,841 CHEVRON WAY,RICHMOND,CA,LARGE AND HIGHLY COMPLEX REFINERY,IN SERVICE,1200,CONTRA COSTA,37.94158,-122.39145,https://www.chevron.com/,CHEVRON CORP,CHEVRON USA INC,245271,24,245271,https://drive.google.com/uc?id=1gB7EotHFVGNI-r_M-H5-SgWklnf2xjJd
96,DEER PARK,5900 STATE HIGHWAY 225 EAST,DEER PARK,TX,VERY LARGE COMPLEX REFINERY,IN SERVICE,1519,HARRIS,29.72153,-95.12778,http://www.shell.us,DEER PARK REFINING LTD PTNRSHP,DEER PARK REFINING LTD PARTNERSHIP,325700,12,325700,https://drive.google.com/uc?id=1hUV8Pcg3KL_TGZpz_YsqPZrKjny3Kzpr
97,LOS ANGELES (CARSON PLANT),1801 E SEPULVEDA BLVD,CARSON,CA,LARGE AND VERY COMPLEX REFINERY,IN SERVICE,1021,LOS ANGELES,33.81535,-118.24102,https://www.marathonpetroleum.com,MARATHON PETROLEUM CORP,MARATHON PETROLEUM CO LP,269200,18,269200,https://drive.google.com/uc?id=1ICE5o2skU7LM3_VaBadgqwBjiuZsrFaH
98,SHREVEPORT,3333 MIDWAY ST,SHREVEPORT,LA,SPECIALISED PREMIUM BASE AND PROCESS OILS MANUFACTURING REFINERY,IN SERVICE,240,CADDO,32.46693,-93.79254,http://www.calumetspecialty.com,"CALUMET SPECIALTY PRODUCTS PARTNERS, L.P.",CALUMET SHREVEPORT LLC,57000,95,57000,https://drive.google.com/uc?id=1XijeivoYecnctJVkthQzdyJOy_hDi2N2
99,CHANNELVIEW,8280 SHELDON ROAD,CHANNELVIEW,TX,ALKYLATION UNIT,IN SERVICE,558,HARRIS,29.83178,-95.11971,http://www.lyondellbasell.com,ACCESS INDUSTRIES,EQUISTAR CHEMICALS LP,0,141,0,https://drive.google.com/uc?id=1d7wLITKABxa7A-lCOor_a-EFhSFRnsAt
100,SUPERIOR,2407 STINSON AVENUE,SUPERIOR,WI,SMALL TO MEDIUM LUBRICANTS REFINERY,IN SERVICE,155,DOUGLAS,46.69135,-92.07186,http://www.calumetspecialty.com,HUSKY ENERGY INC,CALUMET LUBRICANTS CO LP,38000,105,38000,https://drive.google.com/uc?id=1hdBN7eHzwBPCeAu1gNIN03jbNoKxytyq
101,COMMERCE CITY WEST,5801 BRIGHTON BLVD,COMMERCE CITY,CO,MEDIUM COMPLEX REFINERY,IN SERVICE,125,ADAMS,39.80365,-104.94767,http://www.suncor.com,SUNCOR ENERGY INC,SUNCOR ENERGY (USA) INC,67000,89,67000,https://drive.google.com/uc?id=1o92HwpH3SUDnXNskwO8hPJarSNPgeJOT
102,ROBINSON,400 S MARATHON AVE,ROBINSON,IL,LARGE VERY COMPLEX REFINERY,IN SERVICE,690,CRAWFORD,38.99813,-87.71792,https://www.marathonpetroleum.com,MARATHON PETROLEUM CORP,MARATHON PETROLEUM CO LP,231000,27,231000,https://drive.google.com/uc?id=1kY5P3FePFILQnlGwjiX1-vgcVYhl5Ozt
103,MCPHERSON,2000 S. MAIN ST,MCPHERSON,KS,SMALL COMPLEX REFINERY,IN SERVICE,465,MCPHERSON,38.34404,-97.67337,http://www.ncra.coop,CHS INC,CHS MCPHERSON REFINERY INC,96000,66,96000,https://drive.google.com/uc?id=16wtb_zESOSjqVkV6qu14CACUXIigEAds
104,MARTINEZ,150 SOLANO WAY,MARTINEZ,CA,VERY COMPLEX REFINERY,IN SERVICE,740,CONTRA COSTA,38.0251,-122.0639,https://www.marathonpetroleum.com,MARATHON PETROLEUM CORP,MARATHON PETROLEUM CO LP,166000,43,166000,https://drive.google.com/uc?id=1DqkCMoI01nGvy4lBAmg7Gj2aKVd-5lRH
105,BIG SPRING,INTERSECTION OF IH 20 AND REFINERY ROAD,BIG SPRING,TX,SMALL MEDIUM COMPLEXITY REFINERY,IN SERVICE,191,HOWARD,32.27045,-101.41632,http://www.alonusa.com,ALON ISRAEL OIL COMPANY LTD,ALON USA ENERGY INC,73000,84,73000,https://drive.google.com/uc?id=1zPitkte0sW8-AwQEbGKSnbgCGsUcvP2n
106,EL DORADO,1401 S DOUGLAS ROAD,EL DORADO,KS,MEDIUM SIZED COMPLEX REFINERY,IN SERVICE,442,BUTLER,37.79594,-96.87283,http://www.hollyfrontier.com,HOLLYFRONTIER CORP,HOLLYFRONTIER EL DORADO REFINING LLC,150000,50,150000,https://drive.google.com/uc?id=12mPKwi419eJNla93Ok_8_eIytPGQWApN
107,MANDAN,900 OLD RED TRAIL NE,MANDAN,ND,SMALL MEDIUM COMPLEXITY REFINERY THAT PROCESSES LIGHT SWEET CRUDE OIL,IN SERVICE,290,MORTON,46.85078,-100.88122,https://www.marathonpetroleum.com,MARATHON PETROLEUM CORP,MARATHON PETROLEUM CO LP,74000,83,73800,https://drive.google.com/uc?id=1iJtV4oxZ8Pl0Pfyo2RvQp0-OkweyzECY
108,BAKERSFIELD,6451 ROSEDALE HIGHWAY,BAKERSFIELD,CA,MEDIUM SIZED FUELS REFINERY,IN SERVICE,94,KERN,35.3795,-119.07206,http://bakersfieldrefinery.com,ALON ISRAEL OIL COMPANY LTD,ALON BAKERSFIELD OPERATING INC,0,138,0,https://drive.google.com/uc?id=1ZUSKjO540xH9V0W70fGXkVPXED0UMMM9
109,CATLETTSBURG,11631 US RTE 23,CATLETTSBURG,KY,LARGE MEDIUM COMPLEXITY REFINERY,IN SERVICE,740,BOYD,38.37587,-82.59843,https://www.marathonpetroleum.com,MARATHON PETROLEUM CORP,MARATHON PETROLEUM CO LP,273000,17,273000,https://drive.google.com/uc?id=1AUhUHHBcHgSKeEucqy8AFCgFzGXATRlF
110,WOOD RIVER,900 S CENTRAL AVENUE,ROXANA,IL,VERY LARGE COMPLEX REFINERY,IN SERVICE,840,MADISON,38.83827,-90.07398,http://www.phillips66.com,WRB REFINING LP (PHILLIPS66/CENOVUS),PHILLIPS 66 COMPANY,336000,10,314000,https://drive.google.com/uc?id=1LJ7T9TcuNIhd-b-u2_7SuL0zKwxeU5_x
111,WHITING,2815 INDIANAPOLIS BLVD,WHITING,IN,VERY LARGE COMPLEX REFINERY,IN SERVICE,1849,LAKE,41.66251,-87.48195,https://www.bp.com,BP PLC,BP PRODUCTS NORTH AMERICA INC,413500,7,413500,https://drive.google.com/uc?id=1NMqZm1CjtSW_COkZCbCpZKwXD8AQvrUt
112,DETROIT,1300 SOUTH FORT STREET,DETROIT,MI,MEDIUM SIZED MEDIUM COMPLEXITY REFINERY,IN SERVICE,535,WAYNE,42.28189,-83.15623,https://www.marathonpetroleum.com,MARATHON PETROLEUM CORP,MARATHON PETROLEUM CO LP,132000,55,132000,https://drive.google.com/uc?id=1_KuuMYfMXPmEdqQaeWke1T_kya5dC527
113,MEMPHIS,543 WEST MALLORY AVE,MEMPHIS,TN,LARGE MEDIUM COMPLEXITY REFINERY THAT PROCESSES LIGHT SWEET CRUDE,IN SERVICE,306,SHELBY,35.08508,-90.08235,http://www.valero.com,VALERO ENERGY CORP,PREMCOR REFINING GROUP INC,190000,39,190000,https://drive.google.com/uc?id=18GM_QvaGTG20s9R6xFB924FIuwRXTsJm
114,CONVENT,0.7 MILES NORTHEAST OF INTERSECTION OF HWY 70 AND HWY 44,CONVENT,LA,LARGE COMPLEX REFINERY,IN SERVICE,590,ST. JAMES,30.11148,-90.89591,https://www.shell.us,ROYAL DUTCH SHELL,SHELL OIL PRODUCTS US (REFINING),227586,28,227586,https://drive.google.com/uc?id=1PlwsWuw_o6uL6j7vCbxIGQvg963VWKLA
115,COFFEYVILLE,400 N LINDEN STREET,COFFEYVILLE,KS,MEDIUM SIZED COMPLEX REFINERY,IN SERVICE,369,MONTGOMERY,37.05082919,-95.60567846,http://www.cvrrefining.com,CVR ENERGY,COFFEYVILLE RESOURCES RFG & MKTG,115000,60,115000,https://drive.google.com/uc?id=1fwpi6B_ZZHkeBRR_MxYQw7CjHwH3noJv
116,TRAINER,4101 POST ROAD,TRAINER,PA,MEDIUM SIZED MEDIUM COMPLEXITY REFINERY PRODUCES HIGH QUALITY TRANSPORTATION FUELS,IN SERVICE,304,DELAWARE,39.82213,-75.40365,http://www.monroe-energy.com,DELTA AIR LINES INC,MONROE ENERGY LLC,190000,38,190000,https://drive.google.com/uc?id=1vS4PQo3uSMllItGHuSkH0dSCrw_rV3yT
117,EVANSVILLE,5700 EAST HIGHWAY 20-26,EVANSVILLE,WY,SMALL MEDIUM COMPLEXITY REFINERY,IN SERVICE,112,NATRONA,42.8611,-106.24224,https://www.sinclairoil.com,SINCLAIR OIL CORP,LITTLE AMERICA REFINING CO,24500,115,24500,https://drive.google.com/uc?id=1ptK2sfy_rT4b2vV9G_f_JXYClQmFBrpM
118,WILMINGTON,2402 EAST ANAHEIM,WILMINGTON,CA,MEDIUM SIZED COMPLEX REFINERY,IN SERVICE,425,LOS ANGELES,33.77884,-118.23507,http://www.valero.com,VALERO ENERGY CORP,VALERO REFINING CO CALIFORNIA,85000,74,85000,https://drive.google.com/uc?id=1bhK5Lob_BWJzBZwD5Xj8mhF-4k7RMJQX
119,GALVESTON BAY,2800 FM 519 EAST,TEXAS CITY,TX,VERY LARGE COMPLEX REFINERY,IN SERVICE,1790,GALVESTON,29.37217,-94.92688,https://www.marathonpetroleum.com/,MARATHON PETROLEUM CORP,MARATHON PETROLEUM CO LP,459000,5,459000,https://drive.google.com/uc?id=1kcVn17gnGmR6D4qPdZff16XCIL64nPeu
120,LAUREL,803 HWY 212 SOUTH,LAUREL,MT,MEDIUM SIZED MEDIUM COMPLEXITY REFINERY,IN SERVICE,267,YELLOWSTONE,45.65832,-108.76851,http://www.chsinc.com,CHS INC,CENEX HARVEST STATES COOP,59600,94,59600,https://drive.google.com/uc?id=13PSrRjVG44EqCr_kgBiBBuYbwp1AdJFw
121,CHERRY POINT (FERNDALE),4519 GRANDVIEW ROAD,BLAINE,WA,LARGE COMPLEX REFINERY,IN SERVICE,820,WHATCOM,48.88423,-122.73373,http://www.bp.com,BP PLC,BP WEST COAST PRODUCTS LLC,227000,29,227000,https://drive.google.com/uc?id=1TQHk-omlApG_AkstxdP5KPNcP_jkCapz
122,BILLINGS,700 EXXONMOBIL ROAD,BILLINGS,MT,SMALL COMPLEX REFINERY CAPABLE OF PROCESSING HEAVY & SOUR CRUDE,IN SERVICE,260,YELLOWSTONE,45.81427,-108.43355,http://corporate.exxonmobil.com,EXXON MOBIL CORP,EXXONMOBIL REFINING & SUPPLY CO,61500,92,61500,https://drive.google.com/uc?id=1aS937QoJqD77PF26PyXktSC3exxI5oCm
123,BILL GREEHEY (CORPUS CHRISTI WEST AND EAST PLANTS),1300 CANTWELL BLVD,CORPUS CHRISTI,TX,VERY LARGE COMPLEX REFINERY,IN SERVICE,800,NUECES,27.8112,-97.44167,https://www.valero.com,VALERO ENERGY CORP,VALERO REFINING CO TEXAS LP,293000,15,293000,https://drive.google.com/uc?id=1mGvmEqENky1UBQrgmQQEd9y2XfeD03WT
124,NORTH POLE,1200 H AND H LN,NORTH POLE,AK,SMALL TOPPING REFINERY,IN SERVICE,-999,FAIRBANKS NORTH STAR,64.73242,-147.34401,http://www.petrostar.com,ARCTIC SLOPE REGIONAL CORP,PETRO STAR INC,19700,119,19700,https://drive.google.com/uc?id=1WT9W2d0ChX_XOpS8tX0s8cutVvp2O3qJ
125,NIXON,11372 US HWY 87 E,NIXON,TX,VERY SMALL SIMPLE REFINERY,IN SERVICE,-999,WILSON,29.26145,-97.78658,http://www.blue-dolphin-energy.com,BLUE DOLPHIN ENERGY CO,LAZARUS ENERGY LLC,13765,124,13765,https://drive.google.com/uc?id=15SPzpRWuRfQ1DyHwfXq9tHesIJQBO8gO
126,PRUDHOE BAY,NOT AVAILABLE,PRUDHOE BAY,AK,OIL FIELD TOPPING UNIT,IN SERVICE,-999,NORTH SLOPE (B),70.25498,-148.34731,https://www.bp.com,BP PLC,BP EXPLORATION ALASKA INC,6500,132,6500,https://drive.google.com/uc?id=1GbYv520fwQORZmJ8fh6TpQUXJ2YjFx8Z
127,PRINCETON,10234 HWY 157,PRINCETON,LA,SMALL SIMPLE REFINERY,IN SERVICE,-999,BOSSIER,32.59091,-93.51259,http://www.calumetspecialty.com,"CALUMET SPECIALTY PRODUCTS PARTNERS, L.P.",CALUMET LUBRICANTS CO LP,8300,130,8300,https://drive.google.com/uc?id=1gWam2Tonz-Isli8n13nyA-Sl4z64yvwE
128,PRUDHOE BAY,NOT AVAILABLE,KUPARUK,AK,OIL FIELD TOPPING UNIT,IN SERVICE,-999,NORTH SLOPE (B),70.32539,-149.6059,http://www.conocophillips.com,CONOCOPHILLIPS,CONOCOPHILLIPS ALASKA INC,15000,123,15000,https://drive.google.com/uc?id=1bb69DBoInz9oLa3fTj28NjwW-A1MVv2k
129,ELY,HC 34 BOX 34830 AND 65 MILES SW OF ELY ON HWY 6,ELY,NV,VERY SMALL REFINERY,IN SERVICE,-999,NYE,38.6222,-115.61858,NOT AVAILABLE,FORELAND REFINING CORP,FORELAND REFINING CORP,2000,137,2000,https://drive.google.com/uc?id=1pHSnDTNwy9mFHsINntrbqIt9VQHBy9sW
130,ATMORE,4745 ROSS ROAD,ATMORE,AL,VERY SMALL TOPPING REFINERY,IN SERVICE,-999,ESCAMBIA,31.18137,-87.4394,http://www.goodwayrefining.com,GOODWAY REFINING LLC,GOODWAY REFINING LLC,4100,135,4100,https://drive.google.com/uc?id=1slCp0tJ74Wl7H5GrZ21kbrh2aSypoZBz
131,SANTA MARIA ASPHALT REFINERY,1700 SINTON ROAD,SANTA MARIA,CA,LARGE REFINERY,IN SERVICE,126,SANTA BARBARA,34.93032,-120.51069,http://www.greka.com,GREKA ENERGY,SANTA MARIA REFINING COMPANY,9500,128,9500,https://drive.google.com/uc?id=1oumtt34nFYJj1OCePm-yjMj7aUWVZ3nR
132,PAULSBORO,4 PARADISE ROAD,PAULSBORO,NJ,SPECIALIST ASPHALT REFINERY,CLOSED,80,GLOUCESTER,39.84615,-75.2256,http://axeonsp.com/,LINDSAY GOLDBERG LLC,AXEON SPECIALTY PRODUCTS LLC,74000,82,0,https://drive.google.com/uc?id=1eob64z0zBWhQwhdK5TDvlXqmMfqsTMtH
133,BAKERSFIELD,3542 SHELL ST,BAKERSFIELD,CA,SMALL REFINERY,IN SERVICE,-999,KERN,35.39724,-119.04671,http://www.sjr.com,SAN JOAQUIN REFINING CO INC,SAN JOAQUIN REFINING CO INC,15000,121,15000,https://drive.google.com/uc?id=1H1f40pVO95EeOrE4mKwimU4Z9ZQldzsI
134,WILMINGTON ASPHALT PLANT,1651 S ALAMEDA STREET,WILMINGTON,CA,SMALL ASPHALT REFINERY,IN SERVICE,-999,LOS ANGELES,33.7976,-118.23925,https://www.valero.com/en-us,VALERO ENERGY CORP,VALERO REFINING CO CALIFORNIA,6300,133,6300,https://drive.google.com/uc?id=17ZTJKOUEei0FVWcuX8sqqQJqR5ADYzie
135,BURNABY,5201 PENZANCE DRIVE AND 355 N WILLINGDON AVENUE,BURNABY,BC,MEDIUM SIZED MEDIUM COMPLEXITY REFINERY,IN SERVICE,250,NOT AVAILABLE,49.29336,-122.98734,http://www.parkland.ca/en/,PARKLAND FUEL CORPORATION,PARKLAND FUEL CORPORATION,55000,-999,54721,https://drive.google.com/uc?id=1HvP-7MwknM1VZqIyHlhHKUeQ0F-jeZDh
136,REGINA (CO-OP REFINERY COMPLEX),9 AVENUE N AND MCDONALD STREET,REGINA,SK,SMALL TOPPING REFINERY,IN SERVICE,800,NOT AVAILABLE,50.48602,-104.57294,http://www.ccrl-fcl.ca,FEDERATED CO-OPERATIVES LIMITED (FCL),FCL CO-OP REFINERY COMPLEX,135000,-999,135231,https://drive.google.com/uc?id=1LKsF1-3Uf_ZdmS2Px1nZ9A3ZjiFdltf5
137,JEAN GAULIN,165 CHEMIN DES ILES,LEVIS,QC,LARGE COMPLEX REFINERY,IN SERVICE,500,NOT AVAILABLE,46.75882,-71.19313,http://www.valero.com,VALERO ENERGY CORPORATION,VALERO ENERGY INC,265000,-999,264990,https://drive.google.com/uc?id=13syXVCn29zpPsgJe8K5cCDAOuNkNV54D
138,SARNIA,602 CHRISTINA STREET SOUTH,SARNIA,ON,MEDIUM TO LARGE COMPLEX REFINERY,IN SERVICE,392,NOT AVAILABLE,42.95168,-82.41765,http://www.imperialoil.ca,IMPERIAL OIL,IMPERIAL OIL LTD,121000,-999,118997,https://drive.google.com/uc?id=1Ythiv_ZWqGK3d04qj8jj961kvIDgBtys
139,SAINT JOHN,340 LOCH LOMOND ROAD,SAINT JOHN,NB,LARGE COMPLEX REFINERY,IN SERVICE,1400,NOT AVAILABLE,45.28335,-66.0092,https://www.irvingoilcommercial.com,IRVING OIL,IRVING OIL,300000,-999,298766,https://drive.google.com/uc?id=127AvN4jXpjqwahR8BXIe2RsC1tQRf_Jb
140,NANTICOKE,225 CONCESSION 2 WALPOLE ROAD,NANTICOKE,ON,MEDIUM TO LARGE COMPLEX REFINERY,IN SERVICE,287,NOT AVAILABLE,42.83385,-80.0478,http://www.imperialoil.ca,IMPERIAL OIL,IMPERIAL OIL LTD,112000,-999,113500,https://drive.google.com/uc?id=1dGFKtSp_DHM1t8fmjcW7q-yLjx92KhDn
141,SMACKOVER,484 E 6TH STREET,SMACKOVER,AR,VERY SMALL SIMPLE REFINERY,IN SERVICE,-999,UNION,33.36335,-92.71255,http://www.themartincompanies.com,MARTIN RESOURCE MANAGEMENT GRP,CROSS OIL REFINING & MARKETING INC,7500,131,7500,https://drive.google.com/uc?id=11UYNblv3p2VCkDxZh0qY4bEcc8gXSMPm
142,CADEREYTA (ING. HECTOR R LARA SOSA),KM 36 AUTOPISTA REYNOSA-MONTERREY,CADEREYTA JIMENEZ,NL,LARGE COMPLEX REFINERY,IN SERVICE,500,NOT AVAILABLE,25.5877,-99.94061,http://www.ref.pemex.com,PEMEX,PETROLEOS MEXICANOS (PEMEX),275000,-999,275000,https://drive.google.com/uc?id=1t3oZfB6jk7Px4ar-Pkvf6jIk6c9Af3jc
143,CORUNNA (SARNIA MANUFACTURING CENTRE (SMC)),150 ST. CLAIR PARKWAY,CORUNNA,ON,MEDIUM COMPLEX REFINERY,IN SERVICE,350,NOT AVAILABLE,42.90668,-82.44486,http://www.shell.ca,SHELL,SHELL OIL PRODUCTS CANADA,75000,-999,77000,https://drive.google.com/uc?id=1_skNiFgjuNqogkk0WSmxZ3pFq8-5EBgu
144,PETRO-CANADA LUBRICANTS (CLARKSON),2310 LAKESHORE ROAD WEST,MISSISSAUGA,ON,LUBRICANTS PLANT/REFINERY,IN SERVICE,-999,NOT AVAILABLE,43.50178,-79.61003,http://www.hollyfrontier.com,HOLLYFRONTIER CORP,HOLLYFRONTIER REFINING LLC,15600,-999,0,https://drive.google.com/uc?id=1ZHpTgWRmEImsRWYviaNZOGZ4jC1X4uBY
145,MONTREAL,11701 SHERBROOKE STREET EAST,MONTREAL,QC,MEDIUM COMPLEX REFINERY,IN SERVICE,400,NOT AVAILABLE,45.64297,-73.52408,http://www.suncor.com,SUNCOR,SUNCOR ENERGY PRODUCTS PARTNERSHIP,137000,-999,136998,https://drive.google.com/uc?id=1MDB8qil7WXOldN4BjHlZSFmfqnRX6f7G
146,SARNIA,1900 ST. CLAIR PARKWAY,SARNIA,ON,MEDIUM COMPLEX REFINERY,IN SERVICE,-999,NOT AVAILABLE,42.93098,-82.43958,http://www.suncor.com,SUNCOR,SUNCOR ENERGY PRODUCTS PARTNERSHIP,85000,-999,85001,https://drive.google.com/uc?id=1XFZ3-aFHlr8rawFB1aBo8MYcoL2OuClz
147,GALENA PARK SPLITTER,407 CLINTON DR,GALENA PARK,TX,CONDENSATE SPLITTER,IN SERVICE,-999,HARRIS,29.737676,-95.218204,https://www.kindermorgan.com,KINDER MORGAN ENERGY PTNRS LP,KINDER MORGAN CRUDE & CONDENSATE,84000,78,84000,https://drive.google.com/uc?id=1eHe3JObnhqP41lQgNmemzc5YoqlVDURU
148,CORPUS CHRISTI,7209 UP RIVER RD,CORPUS CHRISTI,TX,CONDENSATE SPLITTER,IN SERVICE,-999,NUECES,27.81794,-97.507191,http://www.buckeye.com/,BUCKEYE PARTNERS LP,BUCKEYE TEXAS PROCESSING LLC,46250,100,46250,https://drive.google.com/uc?id=1KXyWrhK-q6Ky6rjAbsgjwvs1jB1ZUC8d
149,CORPUS CHRISTI CONDENSATE SPLITTER,1802 POTH LN/15 COUNTRY CLUB DRIVE,CORPUS CHRISTI,TX,CONDENSATE SPLITTER,IN SERVICE,-999,NUECES,27.809312,-97.436169,https://www.magellanlp.com/,MAGELLAN MIDSTREAM PARTNERS LP,MAGELLAN TERMINAL HOLDINGS LP,42500,102,0,https://drive.google.com/uc?id=1XQgjNKazzGcUxEnzVduEAPNgQLlOdyeF
150,HOUSTON,1519 SOUTH SHELDON RD,HOUSTON,TX,CRUDE OIL FRACTIONATION,IN SERVICE,-999,HARRIS,29.751112,-95.122762,http://www.petromaxrefining.com,PETROMAX REFINING CO LLC,PETROMAX REFINING CO LLC,25000,114,25000,https://drive.google.com/uc?id=18YkXN0YNM1ntpQm5a-ddQWhBfLUPyfoK
151,DICKINSON,3815 116TH AVE SW,DICKINSON,ND,SMALL HIGHLY COMPLEX REFINERY,IN SERVICE,90,STARK,46.855298,-102.912698,https://www.marathonpetroleum.com,MARATHON PETROLEUM CORP,MARATHON PETROLEUM CO LP,20000,118,19500,https://drive.google.com/uc?id=14pNtBJ41AXlEWEgB_CgS2XSV60UDvKWl
152,PELICAN - LAKE CHARLES,4646 LA HWY 3059 (OLD TOWN ROAD),LAKE CHARLES,LA,MEDIUM SIZED MEDIUM COMPLEXITY REFINERY,CLOSED,45,CALCASIEU,30.28776,-93.14512,http://pelican-refinery.com/,PELICAN REFINING COMPANY LLC,PELICAN REFINING COMPANY LLC,0,-999,0,https://drive.google.com/uc?id=1agEIpdalkFQ5hD3jlG9ME3l_iEpQAWmZ
153,TRIGEANT PETROLEUM - CORPUS CHRISTI,6600 UP RIVER ROAD,CORPUS CHRISTI,TX,ASPHALT REFINERY,CLOSED,-999,NUECES,27.81738,-97.49173,http://www.pinoakcorpus.com/,BTB REFINING LLC (GRAVITY),TRIGEANT PETROLEUM LTD,0,-999,0,https://drive.google.com/uc?id=1kqIHAipr3yKKJJ8xqU-Qz_skby3zx4TW
154,ANTELOPE REFINING - DOUGLAS,2070 STATE HIGHWAY 59,DOUGLAS,WY,VERY SMALL SIMPLE REFINERY,CLOSED,-999,CONVERSE,43.01965,-105.26072,http://www.genesisenergy.com/,GENESIS ENERGY LP,ANTELOPE REFINING LLC,3800,-999,3800,https://drive.google.com/uc?id=1CXfC0FUlRPn2WKU-cPIqrQEvFX30plAh
155,SANTA MARIA,2555 WILLOW ROAD,ARROYO GRANDE,CA,SMALL COMPLEX REFINERY,IN SERVICE,140,SAN LUIS OBISPO,35.03871984,-120.5895394,https://www.phillips66.com/,PHILLIPS 66 COMPANY,PHILLIPS 66 COMPANY,41800,-999,41800,https://drive.google.com/uc?id=1eeFbulN1nYjqp0XdWaNSsl4RrtY_HG8e